Abejones,4340.18500864192,8,0.0,0,4340.18500864192,6783.19659575387
Acatlán de Pérez Figueroa,79860.3871103526,387,198.978156682871,2,80059.36526703548,266956.35251959984
Ánimas Trujano,7959.03386960818,37,0.0,0,7959.03386960818,24595.9657707946
Asunción Cacalotepec,3207.9714241958,10,0.0,0,3207.9714241958,3207.9714241958
Asunción Cuyotepeji,6927.45525262128,45,0.0,0,6927.45525262128,9473.60742820595
Asunción Ixtaltepec,63426.8434084978,250,82.7962909946674,2,63509.639699492465,106623.90652476766
Asunción Nochixtlán,46989.2494533454,280,0.0,0,46989.2494533454,139594.479852802
Asunción Ocotlán,12142.3125384636,40,0.0,0,12142.3125384636,24494.6926587606
Asunción Tlacolulita,2277.67565382524,12,0.0,0,2277.67565382524,3847.55307379157
Ayoquezco de Aldama,9533.81981384879,31,0.0,0,9533.81981384879,32492.8893071441
Ayotzintepec,10137.4041348424,30,0.0,0,10137.4041348424,19146.8243589024
Calihualá,13706.720245818,36,0.0,0,13706.720245818,16173.3565230593
Candelaria Loxicha,7777.80810655647,33,0.0,0,7777.80810655647,11872.7648848876
Capulálpam de Méndez,214.622987859789,3,0.0,0,214.622987859789,14912.264174264
Chahuites,27013.0203917409,98,0.0,0,27013.0203917409,67498.9312621695
Chalcatongo de Hidalgo,34982.9525321646,112,0.0,0,34982.9525321646,59695.0634156213
Chiquihuitlán de Benito Juárez,8311.20600410696,23,0.0,0,8311.20600410696,16374.6185764847
Ciénega de Zimatlán,9217.62027012905,70,0.0,0,9217.62027012905,26331.4345029092
Ciudad Ixtepec,73913.3308300155,377,290.623979949374,4,74203.95480996488,117407.17842662538
Coatecas Altas,53379.8006133694,218,0.0,0,53379.8006133694,75980.5853038483
Coicoyán de las Flores,53038.6492629181,77,0.0,0,53038.6492629181,57904.8878565283
Concepción Buenavista,5599.93332257446,27,0.0,0,5599.93332257446,27878.844196106
Concepción Pápalo,18655.4378746157,42,0.0,0,18655.4378746157,27232.2471050852
Constancia del Rosario,15867.5992285808,102,0.0,0,15867.5992285808,27876.8550738213
Cosolapa,16961.7030025706,103,0.0,0,16961.7030025706,75676.4303395117
Cosoltepec,2629.06340753297,21,0.0,0,2629.06340753297,14875.4912334923
Cuilápam de Guerrero,137824.525859974,887,0.0,0,137824.525859974,214357.800939535
Cuyamecalco Villa de Zaragoza,17853.1067292637,43,0.0,0,17853.1067292637,37583.1628345032
El Barrio de la Soledad,62705.4055003689,336,0.0,0,62705.4055003689,85620.7309758888
El Espinal,24008.8920930923,111,48.1397638938713,1,24057.031856986174,38093.45091602267
Eloxochitlán de Flores Magón,24205.4549352066,24,0.0,0,24205.4549352066,27561.0352329795
Fresnillo de Trujano,10009.6813063904,49,0.0,0,10009.6813063904,21131.062953602
Guadalupe de Ramírez,8398.52193626295,38,0.0,0,8398.52193626295,22885.1850532401
Guadalupe Etla,12453.1679096529,95,0.0,0,12453.1679096529,24713.0554890548
Guelatao de Juárez,1678.15306174,9,0.0,0,1678.15306174,4939.58131628502
Guevea de Humboldt,6768.26278690208,12,0.0,0,6768.26278690208,9531.41123453473
Heroica Ciudad de Ejutla de Crespo,112416.748548143,410,0.0,0,112416.748548143,146457.890627607
Heroica Ciudad de Huajuapan de León,148432.582108563,790,709.876185043641,4,149142.4582936066,452234.1239629604
Heroica Ciudad de Tlaxiaco,159755.959987824,952,0.0,0,159755.959987824,251747.67272445
Heroica Villa Tezoatlán de Segura y Luna, Cuna de la Independencia de Oaxaca,44892.8046243476,261,0.0,0,44892.8046243476,142966.788016988
Huautepec,18652.8663128097,44,0.0,0,18652.8663128097,20116.6971957921
Huautla de Jiménez,88101.0522234004,186,0.0,0,88101.0522234004,120680.885505294
Ixpantepec Nieves,11824.9345252337,28,0.0,0,11824.9345252337,30688.1903916454
Ixtlán de Juárez,23169.150150068,114,701.437827342114,1,23870.587977410112,34461.05635296712
La Compañía,28836.355547957,82,0.0,0,28836.355547957,30904.7930960175
La Pe,2486.38336043976,5,0.0,0,2486.38336043976,2486.38336043976
La Reforma,18603.5449941257,110,0.0,0,18603.5449941257,32067.2998514585
La Trinidad Vista Hermosa,340.996786721504,1,0.0,0,340.996786721504,5273.06456377246
Loma Bonita,80345.2295796183,322,0.0,0,80345.2295796183,216285.28861989
Magdalena Apasco,27720.8082742479,160,0.0,0,27720.8082742479,57389.2200465087
Magdalena Jaltepec,18342.2844576269,76,0.0,0,18342.2844576269,26346.2744745029
Magdalena Mixtepec,4558.25292253816,8,0.0,0,4558.25292253816,5379.37501855104
Magdalena Ocotlán,4990.74990516996,12,0.0,0,4990.74990516996,7347.74984866857
Magdalena Peñasco,31388.3515308646,65,0.0,0,31388.3515308646,39100.6850025102
Magdalena Teitipac,10179.8829952247,73,0.0,0,10179.8829952247,26233.7004332075
Magdalena Tequisistlán,37237.812460421,188,0.0,0,37237.812460421,48949.918630534
Magdalena Tlacotepec,6688.48015653306,34,0.0,0,6688.48015653306,10799.182093592
Magdalena Yodocono de Porfirio Díaz,10599.0722437404,49,0.0,0,10599.0722437404,21470.2240613025
Magdalena Zahuatlán,2314.76873462095,11,0.0,0,2314.76873462095,12423.6426786769
Mariscala de Juárez,11968.1442092275,50,0.0,0,11968.1442092275,39636.9204123761
Mártires de Tacubaya,2964.62438772245,15,0.0,0,2964.62438772245,10764.139196564
Matías Romero Avendaño,112938.213630806,520,231.606594793454,1,113169.82022559945,249691.47639823044
Mazatlán Villa de Flores,57043.4307247736,92,0.0,0,57043.4307247736,57043.4307247736
Mesones Hidalgo,7600.05193644771,31,0.0,0,7600.05193644771,23707.2497607128
Miahuatlán de Porfirio Díaz,260147.099789652,1190,0.0,0,260147.099789652,380618.045237522
Mixistlán de la Reforma,10337.9270221988,33,0.0,0,10337.9270221988,16039.5738834749
Monjas,13504.4979499711,58,0.0,0,13504.4979499711,26730.5391932177
Natividad,67.8161344744503,2,0.0,0,67.8161344744503,2705.10949470923
Nazareno Etla,21599.2534848682,98,0.0,0,21599.2534848682,35758.6684681891
Nejapa de Madero,31128.4388197587,131,0.0,0,31128.4388197587,44582.2826890973
Nuevo Zoquiápam,5093.01652803047,25,0.0,0,5093.01652803047,6322.86080113913
Oaxaca de Juárez,79830.2362893676,783,362.380806667846,3,80192.61709603545,840269.4468481838
Ocotlán de Morelos,75034.937965455,338,0.0,0,75034.937965455,157574.45912239165
Pinotepa de Don Luis,7196.94119882703,29,0.0,0,7196.94119882703,18992.8814835873
Pluma Hidalgo,2620.75253056719,8,0.0,0,2620.75253056719,2670.88836031182
Putla Villa de Guerrero,64833.1532030109,352,0.0,0,64833.1532030109,164603.953328496
Reforma de Pineda,20418.0960393155,42,0.0,0,20418.0960393155,31503.5900945042
Reyes Etla,13749.3419382202,71,0.0,0,13749.3419382202,39496.609926759
Rojas de Cuauhtémoc,2861.00982295584,23,0.0,0,2861.00982295584,16283.9686025614
Salina Cruz,96795.4718564704,641,0.0,0,96795.4718564704,386135.730899079
San Agustín Amatengo,8233.91221602148,29,0.0,0,8233.91221602148,19428.2052606975
San Agustín Atenango,2323.68075946469,7,0.0,0,2323.68075946469,19938.4386758211
San Agustín Chayuco,17381.7708009979,109,0.0,0,17381.7708009979,25892.1753300887
San Agustín de las Juntas,14994.5797590184,90,0.0,0,14994.5797590184,62755.6321296696
San Agustín Etla,20257.5080229045,165,282.121616029652,1,20539.629638934155,43257.910808814755
San Agustín Loxicha,68901.749731488,108,0.0,0,68901.749731488,70577.9478965238
San Agustín Tlacotepec,17365.3189359417,39,0.0,0,17365.3189359417,20442.5010666631
San Agustín Yatareni,11404.4818933779,75,0.0,0,11404.4818933779,37075.43142355272
San Andrés Cabecera Nueva,8061.47601755744,51,0.0,0,8061.47601755744,9167.22476152829
San Andrés Dinicuiti,6051.83293354522,27,0.0,0,6051.83293354522,20053.1977716317
San Andrés Huaxpaltepec,22270.2241687886,195,0.0,0,22270.2241687886,36451.7122639961
San Andrés Huayápam,8204.05673538041,64,0.0,0,8204.05673538041,38151.2427550374
San Andrés Ixtlahuaca,6434.79571415074,20,0.0,0,6434.79571415074,16015.8381968148
San Andrés Lagunas,615.697513776356,3,0.0,0,615.697513776356,22711.3093586896
San Andrés Nuxiño,377.703876980282,3,0.0,0,377.703876980282,579.190577307746
San Andrés Paxtlán,37736.4684319381,46,0.0,0,37736.4684319381,39932.2774055719
San Andrés Sinaxtla,4027.59475485416,13,0.0,0,4027.59475485416,11370.9329631858
San Andrés Solaga,1936.97260067698,6,0.0,0,1936.97260067698,1936.97260067698
San Andrés Teotilálpam,8699.21724639415,35,0.0,0,8699.21724639415,11463.559782384
San Andrés Tepetlapa,6116.677889926,18,0.0,0,6116.677889926,10784.8017469301
San Andrés Yaá,3307.0168761847,11,0.0,0,3307.0168761847,3307.0168761847
San Andrés Zabache,2819.35893885886,10,0.0,0,2819.35893885886,2819.35893885886
San Andrés Zautla,18521.6078133497,94,0.0,0,18521.6078133497,45056.9306113635
San Antonino Castillo Velasco,18677.5629273917,48,0.0,0,18677.5629273917,42522.0579335233
San Antonino el Alto,9940.66387044892,25,0.0,0,9940.66387044892,11850.0572387648
San Antonino Monte Verde,6204.19924278809,29,0.0,0,6204.19924278809,49082.6049260342
San Antonio Acutla,3469.22417551648,8,0.0,0,3469.22417551648,9245.53747887366
San Antonio de la Cal,23147.9980754994,173,0.0,0,23147.9980754994,78903.1878788561
San Antonio Huitepec,6406.56439950563,25,0.0,0,6406.56439950563,15239.0595798079
San Antonio Nanahuatípam,4124.8333892124,24,0.0,0,4124.8333892124,15124.9833276078
San Antonio Sinicahua,10086.1151963519,29,0.0,0,10086.1151963519,12609.9525199675
San Antonio Tepetlapa,8596.9196200681,31,0.0,0,8596.9196200681,12301.1991263296
San Baltazar Chichicápam,13608.5301144177,28,0.0,0,13608.5301144177,13608.5301144177
San Baltazar Loxicha,6154.12184040215,32,0.0,0,6154.12184040215,24811.3367401882
San Baltazar Yatzachi el Bajo,418.901277332348,3,0.0,0,418.901277332348,418.901277332348
San Bartolo Coyotepec,25573.8452697414,159,0.0,0,25573.8452697414,81912.71570585085
San Bartolomé Ayautla,8610.76841293748,23,0.0,0,8610.76841293748,9629.58129181597
San Bartolomé Loxicha,3476.88092558645,13,0.0,0,3476.88092558645,5040.94257191164
San Bartolomé Quialana,2900.76226449356,20,0.0,0,2900.76226449356,14015.4449932705
San Bartolomé Yucuañe,1828.84944321467,21,0.0,0,1828.84944321467,11068.7398891433
San Bartolomé Zoogocho,2376.34504032639,24,0.0,0,2376.34504032639,3927.064924359
San Bartolo Soyaltepec,3646.4003987576,28,0.0,0,3646.4003987576,19604.8629487795
San Bartolo Yautepec,914.479160509173,4,0.0,0,914.479160509173,5238.21660024688
San Bernardo Mixtepec,21229.0194127076,37,0.0,0,21229.0194127076,21944.5890213141
San Blas Atempa,30304.6151714026,227,136.477101736959,1,30441.09227313956,62205.08332731786
San Carlos Yautepec,37509.3080049985,170,0.0,0,37509.3080049985,43106.6826210356
San Cristóbal Amatlán,24738.9609627796,90,0.0,0,24738.9609627796,33455.3418417958
San Cristóbal Amoltepec,11852.0449555235,56,0.0,0,11852.0449555235,20330.336001016
San Cristóbal Lachirioag,8354.19729610894,18,0.0,0,8354.19729610894,8354.19729610894
San Cristóbal Suchixtlahuaca,569.75574754517,4,0.0,0,569.75574754517,15854.9043040525
San Dionisio del Mar,27828.126225665,62,0.0,0,27828.126225665,41826.5934006837
San Dionisio Ocotepec,14925.7384444641,94,0.0,0,14925.7384444641,54195.789086225
San Dionisio Ocotlán,9802.6470102095,31,0.0,0,9802.6470102095,20851.4040006098
San Esteban Atatlahuca,25287.0629051711,79,0.0,0,25287.0629051711,32476.0911797212
San Felipe Jalapa de Díaz,27310.0395407827,108,0.0,0,27310.0395407827,31733.1333456194
San Felipe Tejalápam,25700.3602249181,80,0.0,0,25700.3602249181,31208.4740098213
San Felipe Usila,14084.1489007399,77,0.0,0,14084.1489007399,35550.3769917897
San Francisco Cahuacuá,6632.92696761999,19,0.0,0,6632.92696761999,7453.52345297653
San Francisco Cajonos,7993.5600451722,43,0.0,0,7993.5600451722,11989.9872648607
San Francisco Chapulapa,11122.120461074,31,0.0,0,11122.120461074,12284.536624351
San Francisco Chindúa,4495.24999498011,16,0.0,0,4495.24999498011,15804.9640310646
San Francisco del Mar,37402.5715063754,128,0.0,0,37402.5715063754,50511.5771221997
San Francisco Huehuetlán,4055.96374325992,13,0.0,0,4055.96374325992,5879.30990744716
San Francisco Ixhuatán,33867.9896116955,124,0.0,0,33867.9896116955,66735.2032266517
San Francisco Jaltepetongo,7930.87468551514,22,0.0,0,7930.87468551514,29886.4952045105
San Francisco Lachigoló,25840.8792660794,150,0.0,0,25840.8792660794,42319.2303760939
San Francisco Logueche,10856.7651939754,26,0.0,0,10856.7651939754,19601.3138949814
San Francisco Nuxaño,1062.91699773903,6,0.0,0,1062.91699773903,18068.7084428628
San Francisco Ozolotepec,1063.22099942709,6,0.0,0,1063.22099942709,4148.04121580757
San Francisco Sola,16483.9597071581,35,0.0,0,16483.9597071581,17835.4980065637
San Francisco Telixtlahuaca,27724.8770119492,115,0.0,0,27724.8770119492,57865.4379565978
San Francisco Teopan,2145.15568517407,13,0.0,0,2145.15568517407,7006.58440601836
San Francisco Tlapancingo,10542.8960221879,36,0.0,0,10542.8960221879,14083.4678411732
San Gabriel Mixtepec,8531.27723413344,42,0.0,0,8531.27723413344,19500.2076045015
San Ildefonso Amatlán,15778.9420630366,52,0.0,0,15778.9420630366,18351.5153992569
San Ildefonso Sola,5776.76641254725,16,0.0,0,5776.76641254725,6422.67144239209
San Ildefonso Villa Alta,6632.72702571048,18,0.0,0,6632.72702571048,8939.04303415679
San Jacinto Amilpas,5693.57442099455,66,0.0,0,5693.57442099455,70591.2484253788
San Jacinto Tlacotepec,14282.2492891018,49,0.0,0,14282.2492891018,15154.5928311937
San Jerónimo Coatlán,23299.8061162727,89,0.0,0,23299.8061162727,44707.0470308508
San Jerónimo Silacayoapilla,12767.9905214565,67,0.0,0,12767.9905214565,35374.4486026982
San Jerónimo Sosola,13813.309005652,50,0.0,0,13813.309005652,20089.1777801864
San Jerónimo Taviche,5188.3237706165,38,0.0,0,5188.3237706165,15528.4866850534
San Jerónimo Tecóatl,6168.82110853011,9,0.0,0,6168.82110853011,6721.52406134876
San Jerónimo Tlacochahuaya,6835.21516544558,42,0.0,0,6835.21516544558,37151.9840218618
San Jorge Nuchita,10811.9306550424,39,0.0,0,10811.9306550424,23942.6376197393
San José Ayuquila,5877.5075171186,18,0.0,0,5877.5075171186,23795.1268396336
San José Chiltepec,25572.3332253058,81,0.0,0,25572.3332253058,49076.1220893644
San José del Peñasco,16973.3752547653,42,0.0,0,16973.3752547653,22396.4449258415
San José del Progreso,40359.5432895412,160,0.0,0,40359.5432895412,72414.6278716044
San José Estancia Grande,2568.55443344335,17,0.0,0,2568.55443344335,9367.16177165182
San José Independencia,10695.3798715905,29,0.0,0,10695.3798715905,13235.6404360436
San José Lachiguiri,60554.4325852921,163,0.0,0,60554.4325852921,68843.3540563794
San José Tenango,29431.0342775003,39,0.0,0,29431.0342775003,30116.1782403795
San Juan Achiutla,5748.47000564213,15,0.0,0,5748.47000564213,11857.130399561
San Juan Atepec,3512.57474850053,8,0.0,0,3512.57474850053,4678.25869723439
San Juan Bautista Atatlahuca,2613.22918494354,17,0.0,0,2613.22918494354,12138.9424800444
San Juan Bautista Coixtlahuaca,10098.0915774744,39,0.0,0,10098.0915774744,50903.9395559517
San Juan Bautista Cuicatlán,19128.3224552581,59,0.0,0,19128.3224552581,41016.1965968221
San Juan Bautista Guelache,24821.3961372781,148,0.0,0,24821.3961372781,62631.4871887505
San Juan Bautista Jayacatlán,12829.8570583279,35,0.0,0,12829.8570583279,16797.8610582506
San Juan Bautista Lo de Soto,6719.31441737685,32,0.0,0,6719.31441737685,27839.6685180072
San Juan Bautista Suchitepec,1398.67334954776,7,0.0,0,1398.67334954776,10533.897746388
San Juan Bautista Tlachichilco,15441.0152376582,49,0.0,0,15441.0152376582,20066.7507944524
San Juan Bautista Tlacoatzintepec,6421.02811982253,16,0.0,0,6421.02811982253,7756.26064444654
San Juan Bautista Tuxtepec,181286.387745296,919,2338.93875325015,13,183625.32649854614,585932.5539398618
San Juan Bautista Valle Nacional,57589.5029066365,261,0.0,0,57589.5029066365,104109.798913447
San Juan Cacahuatepec,19297.4863392841,101,0.0,0,19297.4863392841,46922.8821916268
San Juan Chicomezúchil,1455.07788380964,10,0.0,0,1455.07788380964,3545.24619586176
San Juan Chilateca,7095.24123774535,37,0.0,0,7095.24123774535,19241.0111399047
San Juan Cieneguilla,1235.79267822679,10,0.0,0,1235.79267822679,9306.21269649932
San Juan Coatzóspam,8662.70889014255,24,0.0,0,8662.70889014255,9641.75549372314
San Juan Colorado,19113.6275037936,147,0.0,0,19113.6275037936,30067.6640957383
San Juan Comaltepec,479.983807664917,1,0.0,0,479.983807664917,479.983807664917
San Juan Cotzocón,74105.3908470674,185,0.0,0,74105.3908470674,151359.341806604
San Juan del Estado,10390.1723948062,94,0.0,0,10390.1723948062,26744.1443752552
San Juan de los Cués,6128.32360172095,39,0.0,0,6128.32360172095,17638.2883874521
San Juan del Río,9452.9060528524,97,0.0,0,9452.9060528524,12025.0431637386
San Juan Diuxi,10595.0742078353,25,0.0,0,10595.0742078353,32517.8866378562
San Juan Evangelista Analco,3854.64991742417,8,0.0,0,3854.64991742417,4322.51640954752
San Juan Guelavía,15001.5462521342,86,0.0,0,15001.5462521342,33462.5476323407
San Juan Guichicovi,106145.576133486,460,0.0,0,106145.576133486,123835.655080153
San Juan Ihualtepec,9466.39830844476,28,0.0,0,9466.39830844476,14155.0661391349
San Juan Juquila Mixes,12328.3190528577,41,0.0,0,12328.3190528577,16540.7380052624
San Juan Juquila Vijanos,11098.1120029446,104,0.0,0,11098.1120029446,11747.0482218057
San Juan Lachao,13549.6664246867,42,0.0,0,13549.6664246867,14201.7756766462
San Juan Lachigalla,24533.4775255342,109,0.0,0,24533.4775255342,29878.7873087306
San Juan Lajarcia,5229.18939738904,20,0.0,0,5229.18939738904,6292.00520694904
San Juan Lalana,40491.6632586249,167,0.0,0,40491.6632586249,97242.1592605485
San Juan Mazatlán,52444.3201455742,172,67.2743985080618,1,52511.59454408226,95892.97983959765
San Juan Mixtepec,6729.26726192894,18,0.0,0,6729.26726192894,15438.6433915773
San Juan Mixtepec,69005.9771427957,156,0.0,0,69005.9771427957,145142.772439308
San Juan Ñumí,30060.5170272599,113,0.0,0,30060.5170272599,38743.8545437074
San Juan Ozolotepec,3781.18629916644,14,0.0,0,3781.18629916644,6437.94491128741
San Juan Petlapa,11557.58193218,19,0.0,0,11557.58193218,11557.58193218
San Juan Quiahije,16209.1052854392,60,0.0,0,16209.1052854392,27140.1142264933
San Juan Quiotepec,18244.0304189225,110,0.0,0,18244.0304189225,20168.890452618
San Juan Sayultepec,4074.98232655562,17,0.0,0,4074.98232655562,15574.0985541125
San Juan Tabaá,2017.46347669863,4,0.0,0,2017.46347669863,2017.46347669863
San Juan Tamazola,19832.1557268467,64,0.0,0,19832.1557268467,31890.1357282736
San Juan Teita,1238.27893043884,8,0.0,0,1238.27893043884,6234.96958328219
San Juan Teitipac,4121.94933561816,21,0.0,0,4121.94933561816,21089.2896962151
San Juan Tepeuxila,12230.3548000934,42,0.0,0,12230.3548000934,27939.9398118996
San Juan Teposcolula,5722.92577211654,48,0.0,0,5722.92577211654,19439.1971975299
San Juan Yaeé,0.0,0,0.0,0,0.0,0.0
San Juan Yatzona,0.0,0,0.0,0,0.0,0.0
San Juan Yucuita,5049.5898563313,19,0.0,0,5049.5898563313,13195.4087535484
San Lorenzo,14496.7517836512,119,0.0,0,14496.7517836512,18118.6210722219
San Lorenzo Albarradas,6739.96931470793,41,0.0,0,6739.96931470793,11596.1219006452
San Lorenzo Cacaotepec,59188.2239695861,436,0.0,0,59188.2239695861,124139.560200659
San Lorenzo Cuaunecuiltitla,3307.60460070294,12,0.0,0,3307.60460070294,6962.34385236567
San Lorenzo Texmelúcan,6593.74805248595,16,0.0,0,6593.74805248595,6593.74805248595
San Lorenzo Victoria,13340.8724783883,2,0.0,0,13340.8724783883,22132.04675644
San Lucas Camotlán,2554.526973326,17,0.0,0,2554.526973326,5397.63670837063
San Lucas Ojitlán,33438.3495306402,115,0.0,0,33438.3495306402,65733.3158961394
San Lucas Quiaviní,1351.00185166918,9,0.0,0,1351.00185166918,12099.0686964051
San Lucas Zoquiápam,18934.9636238051,25,0.0,0,18934.9636238051,18934.9636238051
San Luis Amatlán,19602.1978704783,89,0.0,0,19602.1978704783,38746.2748383326
San Marcial Ozolotepec,472.81534881162,5,0.0,0,472.81534881162,4825.72902152558
San Marcos Arteaga,7324.06825280537,44,0.0,0,7324.06825280537,26898.3557577821
San Martín de los Cansecos,2223.38181301082,9,0.0,0,2223.38181301082,8968.7900373558
San Martín Huamelúlpam,4640.06432300107,18,0.0,0,4640.06432300107,14187.8420059405
San Martín Itunyoso,6423.00168379749,30,0.0,0,6423.00168379749,13142.893262776146
San Martín Lachilá,3955.79039574703,8,0.0,0,3955.79039574703,4092.07393939138
San Martín Peras,169252.947774445,235,0.0,0,169252.947774445,191964.577345851
San Martín Tilcajete,11264.7611592124,34,0.0,0,11264.7611592124,27009.2923170518
San Martín Toxpalan,20935.6830473474,79,0.0,0,20935.6830473474,28542.331998526
San Martín Zacatepec,3513.56423879472,17,0.0,0,3513.56423879472,12938.6917238997
San Mateo Cajonos,5960.29432439448,18,0.0,0,5960.29432439448,5960.29432439448
San Mateo Etlatongo,3010.48155357945,15,0.0,0,3010.48155357945,8724.22774406171
San Mateo Nejápam,9552.04677451417,33,0.0,0,9552.04677451417,12083.9158060389
San Mateo Peñasco,17804.7513508576,31,0.0,0,17804.7513508576,30124.2297190956
San Mateo Piñas,5473.18535360134,31,0.0,0,5473.18535360134,7643.03731905614
San Mateo Río Hondo,32978.9063089449,67,0.0,0,32978.9063089449,40715.3779518041
San Mateo Sindihui,3819.8589457671,24,0.0,0,3819.8589457671,12105.8110399917
San Mateo Tlapiltepec,3120.51165396174,17,0.0,0,3120.51165396174,8219.45813644311
San Mateo Yoloxochitlán,7724.23382675516,14,0.0,0,7724.23382675516,12892.3994626076
San Mateo Yucutindoo,11405.7539178927,56,0.0,0,11405.7539178927,18557.6668460812
San Melchor Betaza,5980.70637494072,44,0.0,0,5980.70637494072,7474.97057591114
San Miguel Achiutla,4976.15657254534,17,0.0,0,4976.15657254534,29017.3010208121
San Miguel Ahuehuetitlán,9145.37189480254,18,0.0,0,9145.37189480254,17534.7473460995
San Miguel Aloápam,5648.03696674978,22,0.0,0,5648.03696674978,14272.4895860778
San Miguel Amatitlán,25255.4269636874,105,0.0,0,25255.4269636874,60670.9940363025
San Miguel Amatlán,9369.92895918454,34,0.0,0,9369.92895918454,16295.8724988439
San Miguel Chicahua,3712.68058837566,18,0.0,0,3712.68058837566,20390.2968476563
San Miguel Chimalapa,25217.0534749654,114,0.0,0,25217.0534749654,26861.2161964617
San Miguel Coatlán,31118.7117008567,19,0.0,0,31118.7117008567,40053.5364774341
San Miguel del Puerto,25741.3538704177,129,0.0,0,25741.3538704177,39758.1960043993
San Miguel del Río,3284.50557745427,19,0.0,0,3284.50557745427,4600.96895408735
San Miguel Ejutla,9393.05759159687,13,0.0,0,9393.05759159687,9393.05759159687
San Miguel el Grande,21241.7774989517,77,0.0,0,21241.7774989517,31599.1456042184
San Miguel Huautla,15958.014622478,44,0.0,0,15958.014622478,24571.6035639124
San Miguel Mixtepec,3865.31256230437,14,0.0,0,3865.31256230437,7975.52370181921
San Miguel Panixtlahuaca,13388.8265217666,37,0.0,0,13388.8265217666,18843.9812997475
San Miguel Peras,12678.5969611323,34,0.0,0,12678.5969611323,14222.5908207115
San Miguel Piedras,1510.54452550452,8,0.0,0,1510.54452550452,3725.12017872685
San Miguel Quetzaltepec,12305.0944422468,37,0.0,0,12305.0944422468,12305.0944422468
San Miguel Santa Flor,0.0,0,0.0,0,0.0,1623.95801673513
San Miguel Soyaltepec,79684.9650598543,407,0.0,0,79684.9650598543,146160.6326705114
San Miguel Suchixtepec,8875.27315450293,23,0.0,0,8875.27315450293,13132.5193303881
San Miguel Tecomatlán,1977.81185155343,13,0.0,0,1977.81185155343,11539.7145190545
San Miguel Tenango,2306.56768891377,15,0.0,0,2306.56768891377,6129.47730559892
San Miguel Tequixtepec,8273.56507510448,45,0.0,0,8273.56507510448,37419.2308465459
San Miguel Tilquiápam,3484.22571303148,36,0.0,0,3484.22571303148,18043.1190056402
San Miguel Tlacamama,5071.02954317644,29,0.0,0,5071.02954317644,13154.4140552953
San Miguel Tlacotepec,12377.5043068425,42,0.0,0,12377.5043068425,35340.8099837486
San Miguel Tulancingo,4812.49459720584,16,0.0,0,4812.49459720584,15676.1187003795
San Miguel Yotao,1049.29838689107,2,0.0,0,1049.29838689107,2482.018172475008
San Nicolás,2248.33762829778,11,0.0,0,2248.33762829778,11236.4109667352
San Nicolás Hidalgo,1217.79892295519,4,0.0,0,1217.79892295519,4727.33183993388
San Pablo Coatlán,25753.6127208097,65,0.0,0,25753.6127208097,33887.9045723978
San Pablo Cuatro Venados,4316.23307864037,8,0.0,0,4316.23307864037,4316.23307864037
San Pablo Etla,50992.3748607598,413,0.0,0,50992.3748607598,124641.851705061
San Pablo Huitzo,25852.0345069695,111,237.479997451061,3,26089.51450442056,40050.12880470566
San Pablo Huixtepec,9381.18343783287,42,0.0,0,9381.18343783287,30130.4447163498
San Pablo Macuiltianguis,4524.84167421594,8,0.0,0,4524.84167421594,13913.5979578738
San Pablo Tijaltepec,40443.2584739439,102,0.0,0,40443.2584739439,47910.7147811968
San Pablo Villa de Mitla,37515.8491198465,305,0.0,0,37515.8491198465,87488.4519451375
San Pablo Yaganiza,207.375359819811,2,0.0,0,207.375359819811,2212.85805966243
San Pedro Amuzgos,11474.3538002163,69,0.0,0,11474.3538002163,31175.2123023027
San Pedro Apóstol,2662.40140697937,13,0.0,0,2662.40140697937,15328.2482007675
San Pedro Atoyac,8699.16818163771,46,0.0,0,8699.16818163771,10121.77944171
San Pedro Cajonos,2880.01759961584,21,0.0,0,2880.01759961584,8462.01414919446
San Pedro Comitancillo,8366.54292730302,73,0.0,0,8366.54292730302,30331.8067326906
San Pedro Coxcaltepec Cántaros,260.15419104223,4,0.0,0,260.15419104223,1290.09096340219
San Pedro el Alto,7211.24723098016,27,0.0,0,7211.24723098016,9597.30306099006
San Pedro Huamelula,42992.1821329516,150,997.710093577805,4,43989.89222652941,54635.494697236405
San Pedro Huilotepec,6158.36298011018,44,0.0,0,6158.36298011018,9706.65289338276
San Pedro Ixcatlán,12017.8250038149,44,0.0,0,12017.8250038149,15022.8109047792
San Pedro Ixtlahuaca,80749.5263612566,494,0.0,0,80749.5263612566,108484.347720555
San Pedro Jaltepetongo,2746.21862626868,6,0.0,0,2746.21862626868,8479.53314137544
San Pedro Jicayán,12815.4708948762,49,0.0,0,12815.4708948762,32363.3502759155
San Pedro Jocotipac,4758.7642187587,15,0.0,0,4758.7642187587,9050.50358127144
San Pedro Juchatengo,10548.8728798315,47,0.0,0,10548.8728798315,12315.7259323027
San Pedro Mártir,2807.42500978046,10,0.0,0,2807.42500978046,18301.6542232696
San Pedro Mártir Quiechapa,6348.16460602147,31,0.0,0,6348.16460602147,10730.247787542
San Pedro Mártir Yucuxaco,3669.71896600763,8,0.0,0,3669.71896600763,14312.3147610874
San Pedro Mixtepec,1294.86850440171,13,0.0,0,1294.86850440171,5284.1313980241
San Pedro Mixtepec,90677.729854812,646,0.0,0,90677.729854812,241349.803976513
San Pedro Molinos,15493.2379953896,19,0.0,0,15493.2379953896,15493.2379953896
San Pedro Nopala,10138.8313740962,13,0.0,0,10138.8313740962,16606.0998164588
San Pedro Ocopetatillo,8005.06488046102,16,0.0,0,8005.06488046102,9379.81964262542
San Pedro Ocotepec,4971.56394959586,12,0.0,0,4971.56394959586,6056.06376352191
San Pedro Pochutla,169607.931850292,959,0.0,0,169607.931850292,208854.497320186
San Pedro Quiatoni,35473.2778634843,155,0.0,0,35473.2778634843,56380.0946295003
San Pedro Sochiápam,3692.85436336955,6,0.0,0,3692.85436336955,9570.35841636687
San Pedro Tapanatepec,83876.8169437632,364,0.0,0,83876.8169437632,122459.722520536
San Pedro Taviche,2799.80170476648,18,0.0,0,2799.80170476648,9788.84048834051
San Pedro Teozacoalco,9268.93726615329,31,0.0,0,9268.93726615329,15793.9462779789
San Pedro Teutila,9821.92705912842,44,0.0,0,9821.92705912842,11744.9252561496
San Pedro Tidaá,3105.79901375072,13,0.0,0,3105.79901375072,25022.8477955298
San Pedro Topiltepec,2903.44335349861,14,0.0,0,2903.44335349861,12053.1074407977
San Pedro Totolápam,15008.9054774563,110,0.0,0,15008.9054774563,25369.8763457974
San Pedro Yaneri,1686.19258886443,4,0.0,0,1686.19258886443,3027.35536881544
San Pedro Yólox,12488.6307752645,56,0.0,0,12488.6307752645,18882.2364275023
San Pedro y San Pablo Ayutla,27998.0317152727,87,0.0,0,27998.0317152727,32309.7023687513
San Pedro y San Pablo Teposcolula,14334.8581064331,77,0.0,0,14334.8581064331,51973.8888315296
San Pedro y San Pablo Tequixtepec,14078.7314317271,70,0.0,0,14078.7314317271,42750.514560619
San Pedro Yucunama,353.82668736053,5,0.0,0,353.82668736053,7131.90977273501
San Raymundo Jalpan,16684.2025556632,64,0.0,0,16684.2025556632,38238.5308902686
San Sebastián Abasolo,3143.70934411988,12,0.0,0,3143.70934411988,15847.0868942314
San Sebastián Coatlán,7640.63562536708,45,0.0,0,7640.63562536708,11452.0559901266
San Sebastián Ixcapa,8913.79072954126,42,0.0,0,8913.79072954126,22942.6879160917
San Sebastián Nicananduta,0.0,0,0.0,0,0.0,12027.7632217145
San Sebastián Río Hondo,45365.118296226,92,0.0,0,45365.118296226,47425.4558696447
San Sebastián Tecomaxtlahuaca,83212.7343591888,156,0.0,0,83212.7343591888,101539.495281883
San Sebastián Teitipac,2644.27431942396,7,0.0,0,2644.27431942396,12223.4938696233
San Sebastián Tutla,7779.5009428037,54,0.0,0,7779.5009428037,58867.9870121751
San Simón Almolongas,27306.3566322756,62,0.0,0,27306.3566322756,53486.6672736792
San Simón Zahuatlán,10667.251620553,21,0.0,0,10667.251620553,16697.8535343573
Santa Ana,7268.41017958385,26,0.0,0,7268.41017958385,45708.948688159
Santa Ana Ateixtlahuaca,13775.7494906393,14,0.0,0,13775.7494906393,13775.7494906393
Santa Ana Cuauhtémoc,1322.97430718511,12,0.0,0,1322.97430718511,5281.62260948885
Santa Ana del Valle,2470.86378471333,17,0.0,0,2470.86378471333,19527.4886151987
Santa Ana Tavela,9188.30140601418,29,0.0,0,9188.30140601418,12917.2676163538
Santa Ana Tlapacoyan,8118.84077196257,29,0.0,0,8118.84077196257,25519.0929384077
Santa Ana Yareni,4207.8623665056,20,0.0,0,4207.8623665056,16158.6022327536
Santa Ana Zegache,12227.8263483592,47,0.0,0,12227.8263483592,41618.8491377523
Santa Catalina Quierí,203.870623818032,2,0.0,0,203.870623818032,2414.5924723053
Santa Catarina Cuixtla,2169.88583553207,22,0.0,0,2169.88583553207,17813.4842489312
Santa Catarina Ixtepeji,9468.27119691745,45,0.0,0,9468.27119691745,24947.4747874896
Santa Catarina Juquila,32197.2339996961,121,0.0,0,32197.2339996961,42271.066686391
Santa Catarina Lachatao,6229.2879253952,25,0.0,0,6229.2879253952,9432.67368539914
Santa Catarina Loxicha,2523.19603776729,11,0.0,0,2523.19603776729,9707.18693464318
Santa Catarina Mechoacán,12586.1395090168,123,0.0,0,12586.1395090168,22239.9497825667
Santa Catarina Minas,13225.7317201358,77,0.0,0,13225.7317201358,33574.7333309836
Santa Catarina Quiané,4444.87456501693,16,0.0,0,4444.87456501693,20305.248809522
Santa Catarina Quioquitani,325.600998574113,6,0.0,0,325.600998574113,2164.96134915959
Santa Catarina Tayata,3652.07014433567,15,0.0,0,3652.07014433567,9127.46225955283
Santa Catarina Ticuá,25845.4104218694,71,0.0,0,25845.4104218694,25845.4104218694
Santa Catarina Yosonotú,39232.6773235427,71,0.0,0,39232.6773235427,45968.0371760523
Santa Catarina Zapoquila,6715.75176338449,41,0.0,0,6715.75176338449,8952.42358934119
Santa Cruz Acatepec,2709.76323514657,18,0.0,0,2709.76323514657,3480.92293701546
Santa Cruz Amilpas,4812.29144907318,54,0.0,0,4812.29144907318,47284.1679683154
Santa Cruz de Bravo,7578.27837098405,13,0.0,0,7578.27837098405,7578.27837098405
Santa Cruz Itundujia,49281.0027539151,183,2041.30130016508,5,51322.30405408018,76128.61553707634
Santa Cruz Mixtepec,5543.40639459754,26,0.0,0,5543.40639459754,22221.4565351912
Santa Cruz Nundaco,19661.6632979889,46,0.0,0,19661.6632979889,26665.7462192195
Santa Cruz Papalutla,3915.82217917609,14,0.0,0,3915.82217917609,16743.743788053
Santa Cruz Tacache de Mina,5153.97566434995,19,0.0,0,5153.97566434995,24829.4675258787
Santa Cruz Tacahua,2268.66368593129,5,0.0,0,2268.66368593129,3677.66042795029
Santa Cruz Tayata,2520.19442096905,6,0.0,0,2520.19442096905,9760.00194811315
Santa Cruz Xitla,10012.9100239101,77,0.0,0,10012.9100239101,40340.4880980742
Santa Cruz Xoxocotlán,107537.818313619,777,85.3818485050471,1,107623.20016212405,428319.5876074616
Santa Cruz Zenzontepec,52977.1978507269,182,0.0,0,52977.1978507269,59014.9329001368
Santa Gertrudis,5430.62128129697,40,0.0,0,5430.62128129697,30214.7549076492
Santa Inés del Monte,7035.56890146148,20,0.0,0,7035.56890146148,7886.4414527363
Santa Inés de Zaragoza,2666.48393047409,12,0.0,0,2666.48393047409,11793.6076593122
Santa Inés Yatzeche,2156.31932547482,11,0.0,0,2156.31932547482,7391.30679338539
Santa Lucía del Camino,15241.7291557956,89,0.0,0,15241.7291557956,148651.115546716
Santa Lucía Miahuatlán,31822.1700934831,196,0.0,0,31822.1700934831,37978.2963985439
Santa Lucía Monteverde,20882.0667242348,98,0.0,0,20882.0667242348,27930.4229933224
Santa Lucía Ocotlán,9216.63359924316,39,0.0,0,9216.63359924316,25374.2370893459
Santa Magdalena Jicotlán,2064.84354576598,14,0.0,0,2064.84354576598,9960.76894430907
Santa María Alotepec,7645.43014216727,35,0.0,0,7645.43014216727,7645.43014216727
Santa María Apazco,11396.0032687253,37,0.0,0,11396.0032687253,17095.8718488751
Santa María Atzompa,51919.4586756033,334,0.0,0,51919.4586756033,175864.975520109
Santa María Camotlán,9374.69848855498,28,0.0,0,9374.69848855498,19972.9294166967
Santa María Chachoápam,3013.9187063106,11,0.0,0,3013.9187063106,17869.4640513764
Santa María Chilchotla,71781.2588200451,97,0.0,0,71781.2588200451,78283.1409926034
Santa María Chimalapa,36657.431597421,136,0.0,0,36657.431597421,44653.1396899765
Santa María Colotepec,81778.1001138918,378,0.0,0,81778.1001138918,142488.35798477
Santa María Cortijo,2216.24619234214,10,0.0,0,2216.24619234214,7742.03553210295
Santa María Coyotepec,17126.2836035769,69,0.0,0,17126.2836035769,34958.402305752
Santa María del Rosario,473.315380388593,1,0.0,0,473.315380388593,3778.48846572961
Santa María del Tule,13265.3782933717,51,0.0,0,13265.3782933717,36743.261810374956
Santa María Ecatepec,11689.9549603717,55,0.0,0,11689.9549603717,14879.0735987763
Santa María Guelacé,2641.93761919135,11,0.0,0,2641.93761919135,13144.5155578255
Santa María Guienagati,3946.50740212437,30,0.0,0,3946.50740212437,5381.15854672698
Santa María Huazolotitlán,58899.114960348,460,0.0,0,58899.114960348,64491.5042431429
Santa María Ipalapa,14336.2206077673,83,0.0,0,14336.2206077673,27524.7444325579
Santa María Ixcatlán,171.037883558647,2,0.0,0,171.037883558647,9308.57329647118
Santa María Jacatepec,25824.2526321421,83,0.0,0,25824.2526321421,57889.5554403315
Santa María Jalapa del Marqués,25400.0567579232,164,0.0,0,25400.0567579232,73512.7437823683
Santa María Jaltianguis,6274.72941203997,32,0.0,0,6274.72941203997,11811.481201405
Santa María la Asunción,16491.895027539,47,0.0,0,16491.895027539,21242.0895966519
Santa María Lachixío,145.867572731343,1,0.0,0,145.867572731343,8438.62957472387
Santa María Mixtequilla,5704.97680104328,32,0.0,0,5704.97680104328,22387.9648530992
Santa María Nativitas,3013.99117942559,15,0.0,0,3013.99117942559,13586.1798668125
Santa María Nduayaco,3421.73220400761,12,0.0,0,3421.73220400761,7456.15899496043
Santa María Ozolotepec,17283.6762612621,30,0.0,0,17283.6762612621,29786.9579963735
Santa María Pápalo,3283.31589572387,14,0.0,0,3283.31589572387,16572.2326525928
Santa María Peñoles,33220.3393931959,59,0.0,0,33220.3393931959,35204.1167258028
Santa María Petapa,44556.5227910655,207,75.6669084693472,1,44632.18969953485,101388.79586555634
Santa María Quiegolani,3101.56184399683,10,0.0,0,3101.56184399683,6053.07273636919
Santa María Sola,1145.76133953058,5,0.0,0,1145.76133953058,1145.76133953058
Santa María Tataltepec,971.806870798022,4,0.0,0,971.806870798022,4200.24449709335
Santa María Tecomavaca,7625.98523433109,29,0.0,0,7625.98523433109,17249.1116003355
Santa María Temaxcalapa,584.188791164747,4,0.0,0,584.188791164747,584.188791164747
Santa María Temaxcaltepec,5257.68012969559,21,0.0,0,5257.68012969559,7895.44697897604
Santa María Teopoxco,47514.4870365424,81,0.0,0,47514.4870365424,50740.7383170271
Santa María Tepantlali,9876.29860731016,18,0.0,0,9876.29860731016,11382.8129299439
Santa María Texcatitlán,478.035333228593,4,0.0,0,478.035333228593,2896.07211876363
Santa María Tlahuitoltepec,34877.9857981258,179,0.0,0,34877.9857981258,37889.9044672435
Santa María Tlalixtac,2378.56014934713,10,0.0,0,2378.56014934713,6511.14548382953
Santa María Tonameca,134331.588473702,652,0.0,0,134331.588473702,149677.852354741
Santa María Totolapilla,2657.07874483413,10,0.0,0,2657.07874483413,3170.63994324
Santa María Xadani,21463.2942809583,154,0.0,0,21463.2942809583,57111.6656063546
Santa María Yalina,3617.17211636013,32,0.0,0,3617.17211636013,6738.7006159274
Santa María Yavesía,4629.84575805327,8,0.0,0,4629.84575805327,8395.55001649813
Santa María Yolotepec,0.0,0,0.0,0,0.0,6159.00542367481
Santa María Yosoyúa,37532.0090721121,58,0.0,0,37532.0090721121,37532.0090721121
Santa María Yucuhiti,9594.88274650507,74,0.0,0,9594.88274650507,19157.91390183935
Santa María Zacatepec,49780.1740710293,256,0.0,0,49780.1740710293,106402.699553928
Santa María Zaniza,947.388807193931,4,0.0,0,947.388807193931,3748.43650143711
Santa María Zoquitlán,21502.2313754981,120,0.0,0,21502.2313754981,26881.9423090271
Santiago Amoltepec,27226.8375721164,92,0.0,0,27226.8375721164,33925.7893819281
Santiago Apoala,1742.70675331275,13,0.0,0,1742.70675331275,8309.03868413292
Santiago Apóstol,15466.8602878251,36,0.0,0,15466.8602878251,35112.6273214583
Santiago Atitlán,2094.14805765363,9,0.0,0,2094.14805765363,3003.13658273279
Santiago Ayuquililla,12025.571689851,46,0.0,0,12025.571689851,38000.6291049624
Santiago Cacaloxtepec,1340.39045383875,12,0.0,0,1340.39045383875,10677.1170658245
Santiago Camotlán,4534.69766840916,34,0.0,0,4534.69766840916,4885.94994312512
Santiago Chazumba,20631.5753227676,127,0.0,0,20631.5753227676,82018.2004077663
Santiago Choápam,11907.6408235236,34,0.0,0,11907.6408235236,11907.6408235236
Santiago Comaltepec,3932.24536016001,25,0.0,0,3932.24536016001,9058.09891504226
Santiago del Río,1995.21508731421,8,0.0,0,1995.21508731421,16555.1322670214
Santiago Huajolotitlán,34531.4464707181,164,0.0,0,34531.4464707181,59268.0738785732
Santiago Huauclilla,4383.84173954746,15,0.0,0,4383.84173954746,8670.17273029002
Santiago Ihuitlán Plumas,6053.66494080652,29,0.0,0,6053.66494080652,27053.3423813794
Santiago Ixcuintepec,279.714568222216,3,0.0,0,279.714568222216,4450.27523087369
Santiago Ixtayutla,32025.6271674516,143,0.0,0,32025.6271674516,36461.4967529145
Santiago Jamiltepec,87648.3309193565,691,0.0,0,87648.3309193565,118576.089505762
Santiago Jocotepec,23820.1988743781,83,0.0,0,23820.1988743781,79845.0457523264
Santiago Juxtlahuaca,110164.203045252,521,0.0,0,110164.203045252,219329.486995011
Santiago Lachiguiri,8674.95626017101,24,0.0,0,8674.95626017101,10005.9575739399
Santiago Lalopa,3835.11379508133,85,0.0,0,3835.11379508133,5792.66084427198
Santiago Laollaga,11778.9939220915,82,0.0,0,11778.9939220915,18148.5552873314
Santiago Laxopa,16402.7506390401,122,0.0,0,16402.7506390401,27594.0486063288
Santiago Llano Grande,18968.4105816108,106,0.0,0,18968.4105816108,34887.8568594482
Santiago Matatlán,30498.5208504353,120,0.0,0,30498.5208504353,79866.6070406437
Santiago Miltepec,1332.99288557121,12,0.0,0,1332.99288557121,7402.14725415621
Santiago Minas,10068.3651943241,25,0.0,0,10068.3651943241,12257.8914765515
Santiago Nacaltepec,16259.0644064997,125,0.0,0,16259.0644064997,32000.1594660547
Santiago Nejapilla,1142.87294320135,8,0.0,0,1142.87294320135,5307.51722175511
Santiago Niltepec,28220.9113648569,123,0.0,0,28220.9113648569,50904.7698164432
Santiago Nundiche,4114.87587209995,12,0.0,0,4114.87587209995,4114.87587209995
Santiago Nuyoó,5619.69742377584,42,0.0,0,5619.69742377584,8043.11378053826
Santiago Pinotepa Nacional,124952.388752281,744,0.0,0,124952.388752281,259517.119085051
Santiago Suchilquitongo,20725.1839733448,142,0.0,0,20725.1839733448,55586.3943141218
Santiago Tamazola,26875.6170272091,54,0.0,0,26875.6170272091,63341.7933349248
Santiago Tapextla,15034.7888406808,78,0.0,0,15034.7888406808,22985.5292256332
Santiago Tenango,8620.99626661378,23,0.0,0,8620.99626661378,10446.4388042296
Santiago Tepetlapa,4385.64499320094,11,0.0,0,4385.64499320094,8753.96853936454
Santiago Tetepec,31446.8415942791,203,0.0,0,31446.8415942791,39083.5071726368
Santiago Texcalcingo,16437.1422225912,47,0.0,0,16437.1422225912,16437.1422225912
Santiago Textitlán,22211.8072786622,66,0.0,0,22211.8072786622,36508.0960664472
Santiago Tilantongo,18416.1240086591,68,0.0,0,18416.1240086591,31075.6788649781
Santiago Tillo,2191.15217581731,15,0.0,0,2191.15217581731,9067.72870264012
Santiago Tlazoyaltepec,14398.6797468054,39,0.0,0,14398.6797468054,16346.5742964983
Santiago Xanica,2212.62260395606,19,0.0,0,2212.62260395606,3239.90800711295
Santiago Xiacuí,3854.74047042554,18,0.0,0,3854.74047042554,8886.65931177396
Santiago Yaitepec,3693.39565460624,18,0.0,0,3693.39565460624,12088.2109352369
Santiago Yaveo,18907.8952120955,47,0.0,0,18907.8952120955,33858.5744580334
Santiago Yolomécatl,1014.14285271382,7,0.0,0,1014.14285271382,17885.9504988859
Santiago Yosondúa,12943.1289800489,66,0.0,0,12943.1289800489,27453.1414756732
Santiago Yucuyachi,8827.74519781096,27,0.0,0,8827.74519781096,15066.756424886
Santiago Zacatepec,1158.5540009711,6,0.0,0,1158.5540009711,1158.5540009711
Santiago Zoochila,2355.78372047381,19,0.0,0,2355.78372047381,4428.30347202372
Santo Domingo Albarradas,2099.55015580897,9,0.0,0,2099.55015580897,2300.60003263423
Santo Domingo Armenta,16199.2602626572,128,0.0,0,16199.2602626572,26689.3114686089
Santo Domingo Chihuitán,4687.251554139,34,0.0,0,4687.251554139,10429.5965661711
Santo Domingo de Morelos,64666.0027107324,114,0.0,0,64666.0027107324,68265.6580196752
Santo Domingo Ingenio,17684.2766635644,73,0.0,0,17684.2766635644,47689.9308925672
Santo Domingo Ixcatlán,2596.62015274965,2,0.0,0,2596.62015274965,2596.62015274965
Santo Domingo Nuxaá,2420.99117953595,5,0.0,0,2420.99117953595,4789.69960414541
Santo Domingo Ozolotepec,3584.30569370285,19,0.0,0,3584.30569370285,6138.50473946621
Santo Domingo Petapa,13658.2873690397,63,0.0,0,13658.2873690397,28244.339711714
Santo Domingo Roayaga,0.0,0,0.0,0,0.0,0.0
Santo Domingo Tehuantepec,106986.030380352,610,273.108426305063,7,107259.13880665705,366700.0491546541
Santo Domingo Teojomulco,15041.3516976154,41,0.0,0,15041.3516976154,24420.9103311753
Santo Domingo Tepuxtepec,31754.2140542448,62,0.0,0,31754.2140542448,31754.2140542448
Santo Domingo Tlatayápam,1494.76578911299,8,0.0,0,1494.76578911299,10080.6053293938
Santo Domingo Tomaltepec,23458.3727858972,75,0.0,0,23458.3727858972,31293.6352114791
Santo Domingo Tonalá,44175.8328579654,113,0.0,0,44175.8328579654,49983.4456053964
Santo Domingo Tonaltepec,2310.97416095744,8,0.0,0,2310.97416095744,5389.60261517423
Santo Domingo Xagacía,7601.77767833846,74,0.0,0,7601.77767833846,8694.02951613722
Santo Domingo Yanhuitlán,9675.10046774771,26,0.0,0,9675.10046774771,22317.8413521323
Santo Domingo Yodohino,46.4456710764462,1,0.0,0,46.4456710764462,2747.40133324711
Santo Domingo Zanatepec,58777.8004922583,173,0.0,0,58777.8004922583,108834.877841673
Santos Reyes Nopala,49761.5190355256,196,0.0,0,49761.5190355256,60335.6545356503
Santos Reyes Pápalo,9696.11845866401,33,0.0,0,9696.11845866401,18284.6957759129
Santos Reyes Tepejillo,5646.69207463388,17,0.0,0,5646.69207463388,14545.526172332
Santos Reyes Yucuná,3223.15283904129,13,0.0,0,3223.15283904129,4095.22837307063
Santo Tomás Jalieza,12943.0271460803,59,0.0,0,12943.0271460803,31385.7592748196
Santo Tomás Mazaltepec,6156.64809399891,44,0.0,0,6156.64809399891,12573.8972569961
Santo Tomás Ocotepec,10827.0109245599,57,0.0,0,10827.0109245599,16515.8536415793
Santo Tomás Tamazulapan,25585.3595910367,91,0.0,0,25585.3595910367,34768.011371356
San Vicente Coatlán,6522.81983790782,25,0.0,0,6522.81983790782,28297.915207127
San Vicente Lachixío,2511.41864630087,15,0.0,0,2511.41864630087,15264.2138664884
San Vicente Nuñú,2774.63031459624,21,0.0,0,2774.63031459624,8106.02502187174
Silacayoápam,72991.6284159366,160,0.0,0,72991.6284159366,109944.055952391
Sitio de Xitlapehua,18613.9371913291,70,0.0,0,18613.9371913291,25633.439067952
Soledad Etla,16689.5303904272,113,0.0,0,16689.5303904272,52470.9128066367
Tamazulápam del Espíritu Santo,22128.9956952459,99,0.0,0,22128.9956952459,24360.2016277634
Tanetze de Zaragoza,6496.41411286805,69,0.0,0,6496.41411286805,7722.47454433917
Taniche,0.0,0,0.0,0,0.0,0.0
Tataltepec de Valdés,18243.1496560469,140,0.0,0,18243.1496560469,30585.1115684499
Teococuilco de Marcos Pérez,3615.01310494687,18,0.0,0,3615.01310494687,12114.6566016678
Teotitlán de Flores Magón,13457.4638706409,84,0.0,0,13457.4638706409,47683.1384290599
Teotitlán del Valle,6616.15355118289,43,0.0,0,6616.15355118289,39634.1391580399
Teotongo,8689.80945787234,34,0.0,0,8689.80945787234,31113.7300958043
Tepelmeme Villa de Morelos,9203.57245819136,33,0.0,0,9203.57245819136,27107.6430258815
Tlacolula de Matamoros,50164.2566313408,237,0.0,0,50164.2566313408,142524.663231853
Tlacotepec Plumas,586.136812369006,3,0.0,0,586.136812369006,23541.9224858392
Tlalixtac de Cabrera,15288.1547862873,57,0.0,0,15288.1547862873,86631.4350630133
Totontepec Villa de Morelos,27743.1733859202,93,0.0,0,27743.1733859202,27743.1733859202
Trinidad Zaachila,13931.4656394572,60,0.0,0,13931.4656394572,32266.6023853746
Unión Hidalgo,1610.05169207186,13,0.0,0,1610.05169207186,61392.9318104392
Valerio Trujano,1159.7542593676,4,0.0,0,1159.7542593676,4823.82023486825
Villa de Chilapa de Díaz,1264.24895787546,13,0.0,0,1264.24895787546,18716.8076068418
Villa de Etla,14845.0143489763,126,0.0,0,14845.0143489763,59740.6159120156
Villa de Tamazulápam del Progreso,29827.6961262074,115,0.0,0,29827.6961262074,61518.1638922995
Villa de Zaachila,145128.017682487,922,0.0,0,145128.017682487,357197.08300027327
Villa Díaz Ordaz,20524.1033757849,128,0.0,0,20524.1033757849,44134.8489804635
Villa Hidalgo,168.718949105631,2,0.0,0,168.718949105631,168.718949105631
Villa Sola de Vega,48019.4780290097,149,0.0,0,48019.4780290097,54274.5022770649
Villa Talea de Castro,10109.5523189036,192,200.013630692527,1,10309.565949596126,16653.368950560627
Villa Tejúpam de la Unión,11952.743423406,37,0.0,0,11952.743423406,35392.0989558096
Yaxe,25286.3275311343,43,0.0,0,25286.3275311343,30893.771165577
Yogana,228.130434759087,4,0.0,0,228.130434759087,13755.5834618339
Yutanduchi de Guerrero,10570.2315578815,38,0.0,0,10570.2315578815,24785.8657429817
Zapotitlán Lagunas,52290.2299838903,76,0.0,0,52290.2299838903,83098.6384050171
Zapotitlán Palmas,3457.50320377573,15,0.0,0,3457.50320377573,14221.726725635
Zimatlán de Álvarez,21831.3275503098,111,0.0,0,21831.3275503098,73885.4668391479
,,,,,,